{
    "settings": {
        "signup": false,
        "createUserDir": false,
        "userHomeBasePath": "/users",
        "defaults": {
            "scope": ".",
            "locale": "en",
            "viewMode": "mosaic",
            "singleClick": false,
            "sorting": {
                "by": "",
                "asc": false
            },
            "perm": {
                "admin": false,
                "execute": false,
                "create": true,
                "rename": true,
                "modify": true,
                "delete": true,
                "share": true,
                "download": true
            },
            "commands": [],
            "hideDotfiles": false,
            "dateFormat": false
        },
        "authMethod": "noauth",
        "branding": {
            "name": "",
            "disableExternal": false,
            "disableUsedPercentage": false,
            "files": "",
            "theme": "",
            "color": ""
        },
        "tus": {
            "chunkSize": 10485760,
            "retryCount": 5
        },
        "commands": {
            "after_copy": [],
            "after_delete": [],
            "after_rename": [],
            "after_save": [],
            "after_upload": [],
            "before_copy": [],
            "before_delete": [],
            "before_rename": [],
            "before_save": [],
            "before_upload": []
        },
        "shell": [],
        "rules": []
    },
    "server": {
        "root": "/srv/NAS/Public",
        "baseURL": "",
        "socket": "",
        "tlsKey": "",
        "tlsCert": "",
        "port": "8000",
        "address": "127.0.0.1",
        "log": "stdout",
        "enableThumbnails": false,
        "resizePreview": false,
        "enableExec": false,
        "typeDetectionByHeader": false,
        "authHook": ""
    },
    "auther": {}
}
